{
    "items": [
        {
            "name": "Floor",
            "folderColor": {
                "r": 0.698113203048706,
                "g": 0.698113203048706,
                "b": 0.698113203048706,
                "a": 1.0
            },
            "folderImageType": 1
        }
    ]
}